,Model,N exactly correct,N no predictions,Years off mean,Years off median,Years off std,Predicted year mode,Predicted year mode frequency
0,falcon7b-instruct,149,0,42.54586717630196,23.0,82.08356006822083,1930,1571
1,falcon,279,0,38.44077530509691,18.0,72.4776415031725,1980,1502
2,flant5xxl,82,0,43.147377600597984,30.0,54.31554566979638,1939,1984
3,gpt2large,23,0,83.20905880920492,77.0,76.04743665166446,1885,2393
